{
  "name" : "ti-form",
  "globally" : true,
  "template" : "./ti-form.html",
  "methods"  : "@com:ti/support/field_display.mjs",
  "props" : "./ti-form-props.mjs",
  "mixins" : ["./ti-form.mjs"],
  "components" : [
    "./com/form-group",
    "./com/form-field",
    "@com:ti/input",
    "@com:ti/input/num",
    "@com:ti/input/tags",
    "@com:ti/input/color",
    "@com:ti/input/icon",
    "@com:ti/input/date",
    "@com:ti/input/time",
    "@com:ti/input/timerange",
    "@com:ti/input/month",
    "@com:ti/input/datetime",
    "@com:ti/input/daterange",
    "@com:ti/input/text",
    "@com:ti/combo/input",
    "@com:ti/combo/multi-input",
    "@com:ti/label",
    "@com:ti/toggle",
    "@com:ti/switcher",
    "@com:ti/droplist"]
}