{
  "name" : "wn.manager",
  "i18n" : "@i18n:wn-manager",
  "template" : "./wn-manager.html",
  "data" : {
    "layout" : "@MyApp:gui/layout.json",
    "schema" : "@MyApp:gui/schema.json",
    "setup"  : "@MyApp:gui/setup.json"
  },
  "computed" : [{
    "...session" : {
      "getters" : {
        "session" : "get"
      }
    },
    "...current" : {
      "getters" : {
        "obj"              : "get",
        "objHome"          : "getHome",
        "objIsHome"        : "isHome",
        "objHasParent"     : "hasParent",
        "objParentIsHome"  : "parentIsHome"
      }
    }
  }],
  "mixins" : ["!mjs:./wn-manager.mjs"],
  "store" : {
    "state" : "./store-root.json",
    "mixins" : ["!mjs:./store-root.mjs"],
    "modules" : {
      "viewport" : "@mod:ti/viewport",
      "session"  : "@mod:wn/session",
      "current"  : "@mod:wn/obj-meta"
    }
  },
  "components" : [
    "@com:ti/gui",
    "@com:ti/icon",
    "@com:ti/crumb",
    "@com:ti/loading",
    "@com:ti/menu",
    "@com:ti/form",
    "@com:ti/obj/thumb",
    "@com:ti/obj/meta",
    "@com:ti/lbs/map",
    "@com:ti/web/session/badge",
    "@com:wn/gui/arena",
    "@com:wn/gui/side/nav",
    "@com:wn/gui/side/tree",
    "@com:wn/gui/footer"],
  "deps" : []
}